year,crop,latitude,longitude,farm_name,producer_id,field_name,texture,field_id,sample_id,depth_in,som_percent,soc_percent,net_mb_tnb,net_mb_npoc,co2_72hr_mg_c_kg_soil_day,plfa_total_biomass_ngpg,plfa_diversity_index,plfa_bacteria_ngpg,plfa_fungi_ngpg,plfa_arb_myc_ngpg,bg_nmol_activity_gdrysoil_hr,cb_nmol_activity_gdrysoil_hr,phos_nmol_activity_gdrysoil_hr,lap_nmol_activity_gdrysoil_hr,nag_nmol_activity_gdrysoil_hr,herbivores_total_perc,fungivores_total_perc,bacterivores_total_perc,ph,cec_me_per_100g,total_n_percent,c_n_ratio,no3_lb_ac,p_ppm,k_ppm,ca_ppm,mg_ppm,s_ppm,b_ppm,fe_ppm,mn_ppm,cu_ppm,zn_ppm,na_ppm,sand_percent,silt_percent,clay_percent,bulk_density_g_cm3,ag_stability_mwd,field_capacity_g_g_h2o,wilting_point_g_g_h2o,total_available_water_g_g_h2o
2023,tomatoes,38.51522,-121.8571,Cooley Enterprises,Cooley,Field 26B,clay,14,1,0-6 in ,2.7,1.18,0,138.5973374,16.14871775,783.93,0.833,142.45,0,0,208.6611212,65.68331566,277.285915,60.89847609,115.0975891,,,,6.1,24.4,0.12,9.833333333,127.4723426,99.1,225.6,1967,1298.1,16.3,0.88,22.72,50.95,1.97,3.06,37.48,18.1,38.2,43.8,1.23,0.42,0.32,0.15,0.17
2023,tomatoes,38.51522,-121.8571,Cooley Enterprises,Cooley,Field 26B,clay,14,2,6-12 in ,2.6,1.13,4.8788632,47.57364114,12.95872617,659.88,0.814,156.07,0,0,,,,,,32,37,31,6.5,20.5,0.11,10.27272727,42.88062674,66.3,153,1692,1140.51,12.8,0.97,18.64,36.91,1.76,1.75,40.23,,,,1.33,0.61,0.31,0.16,0.15
2023,tomatoes,38.51522,-121.8571,Cooley Enterprises,Cooley,Field 26B,clay,14,11,0-6 in ,2.7,1.23,0,203.5418385,12.01736978,1102.67,0.974,232.58,7.6,0,196.7678111,61.95317611,171.7583369,46.05130473,127.9148363,,,,6.3,25.1,0.12,10.25,137.4787041,86,263.5,2049,1410.56,10.4,0.88,21.26,29.9,1.92,1.91,40.17,12.5,36.1,51.4,1.03,0.46,0.32,0.15,0.17
2023,tomatoes,38.51522,-121.8571,Cooley Enterprises,Cooley,Field 26B,clay,14,12,6-12 in ,2.6,1.18,0,0,12.72999627,616.09,0.922,120.78,3.23,0,,,,,,39.8,33.2,27,6.7,23.2,0.12,9.833333333,43.64344936,62.5,213,2065,1456.75,12.4,0.84,16.46,20.77,1.83,1.39,38.91,,,,1.27,0.42,0.3,0.14,0.16
2023,tomatoes,38.51522,-121.8571,Cooley Enterprises,Cooley,Field 26B,silty clay,14,21,0-6 in ,2.9,1.35,0,0,14.18395426,397.52,0.801,91.59,0,0,262.18589,71.02315681,234.4446054,120.7354036,92.61331116,,,,6.4,23.2,0.13,10.38461538,77.88296722,71.1,330,1767,1315.82,11.2,0.85,19,25.09,1.78,1.78,32.75,18.2,40.2,41.7,1.19,0.52,0.34,0.14,0.2
2023,tomatoes,38.51522,-121.8571,Cooley Enterprises,Cooley,Field 26B,silty clay,14,22,6-12 in ,2.8,1.3,0,201.4273134,14.79058028,741.45,0.982,162.64,3.47,0,,,,,,41.2,22.2,36.5,7,22.3,0.11,11.81818182,27.26365527,56.8,286.1,1930,1407.93,9.1,0.84,15.48,16.02,1.7,1.55,36.31,,,,1.29,0.36,0.32,0.11,0.21
2023,tomatoes,38.5443,-121.9446,Button and Turkovich,Turkovich,Field 24,clay,21,31,0-6 in ,2.9,1.11,28.490475,253.0248182,12.68030521,597.3,1.368,192.02,29.83,12.01,228.8274589,41.72795576,135.5245175,133.5362825,73.52614903,,,,7.3,25.5,0.11,10.09090909,2.321679968,65.8,350.3,3506,838.47,39.1,0.97,15.05,11.87,1.79,1,25.75,24.3,33.8,41.9,0.91,1.3,0.32,0.14,0.18
2023,tomatoes,38.5443,-121.9446,Button and Turkovich,Turkovich,Field 24,clay,21,32,6-12 in ,2.6,1,27.12971734,178.3607029,11.55543702,1274.34,1.383,383.9,111.19,53.45,,,,,,41.4,27.7,31,7.7,25.2,0.09,11.11111111,4.063332194,21.5,180.6,3219,1014.19,23.5,1.1,17.55,10.04,1.97,0.54,52.45,,,,1.29,1.96,0.29,0.13,0.16
2023,tomatoes,38.5443,-121.9446,Button and Turkovich,Turkovich,Field 24,clay,21,41,0-6 in ,2.9,1.15,32.96361157,260.5775715,14.67663087,537.65,1.305,218.84,24.49,10.18,251.9311048,64.47215801,182.2332587,106.7316114,118.8912356,,,,7.4,24.3,0.11,10.45454545,4.101171766,71,371.1,3296,813.26,41.4,0.81,14.64,14.08,1.76,1.13,23.83,20.3,35.9,43.8,1.19,1.03,0.3,0.12,0.18
2023,tomatoes,38.5443,-121.9446,Button and Turkovich,Turkovich,Field 24,clay,21,42,6-12 in ,2.6,1.04,31.62018909,236.7680245,15.65741857,518.16,1.26,172.3,18,8.71,,,,,,10.2,29.2,60.5,7.7,23,0.1,10.4,7.91319498,36.1,207.9,2936,898.36,17.9,1.25,16.95,11.75,1.81,0.81,58.48,,,,1.09,1.76,0.31,0.14,0.17
2023,tomatoes,38.5443,-121.9446,Button and Turkovich,Turkovich,Field 24,clay,21,51,0-6 in ,3.3,1.27,34.34175711,299.0837757,16.65989291,1131.01,1.333,251.17,39.07,7.89,241.3944546,71.47108354,127.4444558,95.45762834,115.7712623,,,,7.3,29,0.12,10.58333333,1.550107791,73.2,379,3690,1129.8,50.4,0.85,13.7,12.84,1.82,1.08,27.97,14.3,36,49.8,1.12,1.13,0.29,0.14,0.15
2023,tomatoes,38.5443,-121.9446,Button and Turkovich,Turkovich,Field 24,clay,21,52,6-12 in ,3,1.1,30.28607263,211.8177338,15.60045335,1046.3,1.123,228.57,15.52,0,,,,,,39.8,33.2,27,7.6,27.3,0.11,10,4.958581353,32.6,206.3,3277,1227.07,26.4,0.88,15.65,9.73,1.88,0.63,35.48,,,,1.19,1.61,0.31,0.15,0.16
2023,tomatoes,38.55503,-121.8707,Bullseye,Beeman,ST5,clay,8,61,0-6 in ,2.6,0.91,0,204.3592031,13.79646373,1364.2,1.047,217.84,10.15,0,205.9943102,46.96641694,57.07435081,142.8675588,81.45537063,,,,7.4,24.6,0.09,10.11111111,7.578548612,202.8,142.3,2981,1087.26,8.7,0.71,17.53,12.34,1.63,2.43,65.61,22.3,36,41.8,1.28,0.51,0.28,0.12,0.16
2023,tomatoes,38.55503,-121.8707,Bullseye,Beeman,ST5,clay,8,62,6-12 in ,2.3,0.8,0,152.1880465,15.05370228,1335.8,1.175,260.05,25.81,0,,,,,,32.5,37,30.5,8.1,27.6,0.08,10,5.952477388,122.7,149.4,3217,1269.25,7.6,0.92,16.61,6.23,1.49,1.67,127.82,,,,1.22,0.78,0.31,0.14,0.17
2023,tomatoes,38.55503,-121.8707,Bullseye,Beeman,ST5,clay,8,71,0-6 in ,2.7,0.96,0,181.109051,10.54489963,1231.15,1.118,194.39,18.03,0,116.0715638,27.03538778,61.76406752,70.83554101,47.89601711,,,,7.3,26.9,0.09,10.66666667,12.24088652,145.6,177.2,2891,1391.32,6,0.86,22.08,13.73,2.02,2.33,101.5,20.3,32,47.7,1.15,0.84,0.27,0.13,0.14
2023,tomatoes,38.55503,-121.8707,Bullseye,Beeman,ST5,clay,8,72,6-12 in ,2.7,0.96,0,213.2039648,13.88244295,1000.23,1.116,183.97,9.27,0,,,,,,12.5,41,46.5,8,27.4,0.09,10.66666667,2.497729917,77.3,161.5,2822,1476.19,4.2,0.99,20.26,9.32,2.1,1.65,125.85,,,,1.52,1.62,0.31,0.14,0.17
2023,tomatoes,38.55503,-121.8707,Bullseye,Beeman,ST5,clay,8,81,0-6 in ,2.9,1.05,0,188.8027541,12.11304793,2361.73,1.386,473.85,201.88,18.37,174.5227533,64.93788134,132.0531796,174.7280482,113.6041823,,,,7.5,28.7,0.09,11.66666667,8.413328899,99.7,211.4,2972,1540.91,4.6,1.01,18.12,13.38,2.13,2.06,106,16.4,36,47.7,1.07,1.27,0.3,0.14,0.16
2023,tomatoes,38.55503,-121.8707,Bullseye,Beeman,ST5,clay,8,82,6-12 in ,2.9,1.04,0,160.0336521,12.73837712,289.4,0.97,63.8,0,0,,,,,,22.1,32.4,45.6,7.9,22,0.09,11.55555556,2.837236597,80.6,125.1,1964,1384,4.4,0.95,19.78,10.93,2.07,1.9,82.07,,,,1.32,1.5,0.31,0.14,0.17
2023,tomatoes,38.79329,-121.7359,Bullseye,Beeman,DB1,clay loam,10,91,0-6 in ,2.4,1.05,0,189.1682833,14.09797048,339.25,0.857,89.47,0,0,178.8893094,60.62439787,318.6792788,94.11397981,67.97036869,,,,6.9,20.8,0.1,10.5,17.07431029,146,156.7,2088,1138.09,8.4,1.21,58.13,13.37,2.89,1.5,115.13,40.3,22,37.7,1.29,0.97,0.24,0.11,0.13
2023,tomatoes,38.79329,-121.7359,Bullseye,Beeman,DB1,clay loam,10,92,6-12 in ,2.3,1,0,174.9863396,11.70681961,305.28,0.982,64.15,0,0,,,,,,54.5,21.5,24,7.6,21.6,0.09,11.11111111,5.930175261,57.5,130.5,2173,1170.23,13,2.07,44.57,7.46,2.71,0.76,148.58,,,,1.34,1.03,0.24,0.11,0.13
2023,tomatoes,38.79329,-121.7359,Bullseye,Beeman,DB1,clay loam,10,101,0-6 in ,2.7,1.2,0,256.6910745,15.9081034,376.95,0.99,70.54,0,0,141.2650796,40.72822906,45.98836999,63.39594767,59.88359272,,,,6.9,20.7,0.11,10.90909091,12.5008024,273,177.5,2394,932.51,13,1.46,36.24,10.38,2.32,1.27,110.48,26.5,34,39.6,1.23,0.52,0.31,0.14,0.17
2023,tomatoes,38.79329,-121.7359,Bullseye,Beeman,DB1,clay loam,10,102,6-12 in ,2.5,1.17,0,165.6712057,11.40404263,288.69,1.016,83.38,0,0,,,,,,57.8,14.3,28,7.8,22.3,0.1,11.7,5.754774092,205.7,135.7,2735,923.08,13.7,2.4,20.7,6.32,2,0.84,139.18,,,,1.45,0.82,0.29,0.18,0.11
2023,tomatoes,38.79329,-121.7359,Bullseye,Beeman,DB1,clay loam,10,111,0-6 in ,2.1,0.85,0,161.9739729,14.41954278,512.51,1.152,102.27,10.63,0,191.0145856,62.67669374,271.8256399,71.99326503,89.99396546,,,,6.8,16.7,0.08,10.625,9.159619456,120,104.4,1723,885.98,11.6,1.55,37.59,11.67,1.85,1.19,97.97,44.5,26,29.6,1.35,0.44,0.21,0.12,0.09
2023,tomatoes,38.79329,-121.7359,Bullseye,Beeman,DB1,clay loam,10,112,6-12 in ,2,0.91,0,194.2051136,10.89880073,387.83,1.103,66.11,2.64,0,,,,,,52.8,14.2,33,7.4,16.9,0.08,11.375,4.738166888,50.2,91.1,1748,883.6,13.1,1.92,30.38,9.18,1.96,0.76,127.92,,,,1.41,0.61,0.21,0.12,0.09
2023,tomatoes,38.46966,-121.8574,E&H farms,Gnos,Schroeder 3,clay,23,121,0-6 in ,3.2,1.33,16.98072543,332.1858941,18.69196912,339.37,1.296,162.28,17.67,8.32,215.0257846,94.3824763,94.134977,63.66037363,143.7703312,,,,6.9,29.6,0.13,10.23076923,121.3531298,71.7,338.9,3022,1622.62,66.5,0.75,19.42,18.44,2.56,1.58,29.58,8.9,35.9,55.2,1.33,0.99,0.32,0.23,0.09
2023,tomatoes,38.46966,-121.8574,E&H farms,Gnos,Schroeder 3,clay,23,122,6-12 in ,3.1,1.36,14.35448746,209.5567177,16.95260334,169.31,0.981,72.13,0,0,,,,,,12,23.5,64.5,7.1,25.8,0.12,11.33333333,53.10688181,53.8,240.3,2538,1481.49,33.3,0.67,18.39,16.85,2.55,1.33,26.93,,,,1.32,1.39,0.32,0.21,0.11
2023,tomatoes,38.46966,-121.8574,E&H farms,Gnos,Schroeder 3,clay,23,131,0-6 in ,3.4,1.37,0,280.5092074,19.20485208,1380.09,1.314,290.2,53.23,15.1,227.242938,76.42633076,245.7731078,98.27148442,73.32207995,,,,6.9,29,0.13,10.53846154,52.73275724,75.9,277.2,2922,1622.62,53.5,0.51,25.63,17.21,2.86,1.29,30.95,8.9,31.9,59.2,1.2,1.26,0.31,0.22,0.09
2023,tomatoes,38.46966,-121.8574,E&H farms,Gnos,Schroeder 3,clay,23,132,6-12 in ,3.2,1.31,16.39326557,231.4209594,22.48331313,489.44,1.101,104.58,4.38,0,,,,,,27.8,22.2,50,7.2,28.4,0.19,6.894736842,31.4540791,65.1,209.5,2758,1664.24,26.1,0.44,28.53,18.37,3.05,1.29,35.38,,,,1.09,1.6,0.31,0.25,0.06
2023,tomatoes,38.46966,-121.8574,E&H farms,Gnos,Schroeder 3,clay,23,141,0-6 in ,3.3,1.32,0,269.819125,18.45214012,596.86,1.098,141.06,6.86,0,267.4699615,87.93220799,212.2293102,75.92069129,88.47483862,,,,7,28.4,0.13,10.15384615,109.2838152,69.8,322.5,2853,1592.5,65.4,0.56,19.58,19.67,2.66,1.39,17.11,9,35.9,55.1,1.34,0.94,0.32,0.23,0.09
2023,tomatoes,38.46966,-121.8574,E&H farms,Gnos,Schroeder 3,clay,23,142,6-12 in ,3,1.28,1.078987029,222.3325845,15.97485829,368.44,1.157,94.59,4.1,0,,,,,,23.4,39.1,37.5,7.1,23.4,0.12,10.66666667,43.19113677,41.9,186,2261,1388,34.2,0.68,19.37,15.43,2.79,1.09,18.3,,,,1.18,1.36,0.31,0.25,0.06
2023,tomatoes,38.46872,-121.8543,E&H farms,Gnos,Schroeder 4,clay,24,151,0-6 in ,3.5,1.42,10.54513471,557.7011587,18.72307003,1380.99,1.324,278.83,64.22,17.49,208.6195634,56.23349174,83.82448372,71.65419485,111.7639115,,,,7.2,31.2,0.13,10.92307692,86.0314857,73.9,259,3171,1752.93,70.5,0.83,17.62,17.74,2.49,1.11,18.23,10.6,34,55.5,1.21,1.1,0.32,0.24,0.08
2023,tomatoes,38.46872,-121.8543,E&H farms,Gnos,Schroeder 4,clay,24,152,6-12 in ,3.3,1.33,19.31498486,191.6344501,17.45782714,344.16,0.95,72.65,0,0,,,,,,23.5,40.5,36,7.3,30.1,0.11,12.09090909,19.18483578,54.6,190.6,2959,1763.93,39.3,0.47,22.24,19.6,2.67,0.93,23.98,,,,1.24,1.3,0.31,0.24,0.07
2023,tomatoes,38.46872,-121.8543,E&H farms,Gnos,Schroeder 4,silty clam loam,24,161,0-6 in ,3.7,1.48,29.97094371,283.3883687,20.2895428,272.28,1.134,81.91,4.57,0,374.0676978,103.4273852,148.5391077,107.2156978,124.7676866,,,,6.9,31.1,0.14,10.57142857,107.2614536,82.4,363.1,3147,1725.75,67.7,0.46,23.28,21.15,2.9,1.58,16.64,6.6,56,37.5,1.26,1.71,0.38,0.21,0.17
2023,tomatoes,38.46872,-121.8543,E&H farms,Gnos,Schroeder 4,silty clam loam,24,162,6-12 in ,3.2,1.44,5.123590943,207.1441133,18.46945288,525.96,1.14,173.83,8.28,0,,,,,,22,31.5,46.5,7,21.6,0.13,11.07692308,53.64270537,113.5,161.9,2882,751.03,25.1,1.72,132.43,11.05,7.04,2.78,117.33,,,,1.24,1.2,0.35,0.21,0.14
2023,tomatoes,38.46872,-121.8543,E&H farms,Gnos,Schroeder 4,clay,24,171,0-6 in ,3.6,1.37,0,227.5134678,21.17957657,756.03,1.224,172.43,20.56,6.59,216.3054126,67.70822738,232.1645788,77.9936951,80.90960312,,,,6.8,30.2,0.12,11.41666667,31.51128104,73.5,215.4,2886,1816.63,64.8,0.39,25.25,29.26,3,1.6,22.88,8.6,34,57.5,1.12,1.04,0.36,0.2,0.16
2023,tomatoes,38.46872,-121.8543,E&H farms,Gnos,Schroeder 4,clay,24,172,6-12 in ,3.5,1.38,15.69548077,218.9607635,16.82963962,836.42,1.444,185.41,49.77,19.88,,,,,,29.8,37.2,33,7.1,31.2,0.12,11.5,20.14327946,52.5,206.8,2865,1946.75,29.6,0.44,19.78,19.58,2.91,1.22,22.82,,,,1.29,1.43,0.36,0.2,0.16
2023,tomatoes,38.79659,-121.8017,Barrios Farms,Barrios,Field 4,clay loam,4,181,0-6 in ,2.5,1.24,31.54752111,233.8416459,16.50006242,1135.27,1.379,202.08,44,12.09,222.2034426,70.4585328,162.7594214,203.2955288,142.4368196,,,,7.2,21.5,0.11,11.27272727,22.87031531,57.1,193.3,2246,1145.03,6.7,1.95,16.59,14.29,1.36,0.97,47.77,29.8,34.4,35.9,1.41,0.49,0.29,0.1,0.19
2023,tomatoes,38.79659,-121.8017,Barrios Farms,Barrios,Field 4,clay loam,4,182,6-12 in ,2.1,1,27.30848311,100.4793409,10.13294975,677.06,1.42,117.52,37.13,6.17,,,,,,60.9,13.5,25.5,7.4,19,0.09,11.11111111,0,35.3,120.7,1987,1017.32,3.2,2.16,16.29,8.98,1.4,0.77,65.09,,,,1.4,0.5,0.29,0.11,0.18
2023,tomatoes,38.79659,-121.8017,Barrios Farms,Barrios,Field 4,sandy clay loam,4,191,0-6 in ,2.4,1.21,30.60838006,267.3202407,15.96266337,1517.05,1.411,310.26,98.64,12.22,209.5451723,63.37841773,155.2100862,246.1307725,130.531091,,,,7.3,19.7,0.11,11,32.69825178,58.7,228.5,2070,1035.64,6.7,1.79,17.61,13.83,1.4,1.01,33.62,61.9,16.2,21.9,1.38,0.58,0.29,0.1,0.19
2023,tomatoes,38.79659,-121.8017,Barrios Farms,Barrios,Field 4,sandy clay loam,4,192,6-12 in ,2.2,1.16,37.14581369,217.8687806,14.28915694,1209.92,1.463,261.07,95.37,18.54,,,,,,38.3,40.9,20.8,7.3,20.6,0.11,10.54545455,9.478023845,48.1,175.5,2163,1102.6,4.6,1.77,17.02,10.9,1.41,0.75,41.91,,,,1.32,0.53,0.28,0.11,0.17
2023,tomatoes,38.79659,-121.8017,Barrios Farms,Barrios,Field 4,clay loam,4,201,0-6 in ,2,0.9,32.01930794,220.1092393,9.34603009,2677.32,1.328,368.3,68.82,10.48,166.9034116,44.75221979,97.71710428,213.3930239,85.87984943,,,,7.5,18.5,0.09,10,9.311408046,49.1,118.4,1968,985.9,7.6,1.75,11.31,12.16,1.15,0.81,43.37,34.3,32.4,33.4,1.23,0.4,0.26,0.09,0.17
2023,tomatoes,38.79659,-121.8017,Barrios Farms,Barrios,Field 4,clay loam,4,202,6-12 in ,2,0.82,26.98997257,174.5498388,12.14828945,863.54,1.442,157.47,46.56,13.24,,,,,,14.8,56.2,29,7.6,18.4,0.08,10.25,7.783779374,31.6,100.4,1936,992.53,4.1,1.75,11.17,12.62,1.18,0.55,46.81,,,,1.46,0.42,0.27,0.09,0.18
2023,tomatoes,39.07756,-121.8855,Parks Farming Organic,Park,Field 002,clay,1,211,0-6 in ,3.7,,54.51535074,422.7605446,,721.56,1.297,229.72,29.38,13.62,405.4869775,172.4215517,502.0754207,311.7715184,208.5449441,,,,6.7,21.2,,,21.74197511,137,201,2974,655.58,47.1,0.33,115.85,11.07,7.46,3.76,84.84,16.7,34,49.4,1.08,,0.37,0.24,0.13
2023,tomatoes,39.07756,-121.8855,Parks Farming Organic,Park,Field 002,clay,1,212,6-12 in ,3.2,1.4,25.12766586,176.0991331,18.34151527,831.6,1.349,274.94,40.6,13.77,,,,,,5,19.5,75.5,7,20.5,0.13,10.76923077,5.211819292,116.7,144.4,2747,713.26,24.3,0.2,120.73,10.49,6.85,2.9,108.64,,,,1.02,2.47,0.34,0.24,0.1
2023,tomatoes,39.07756,-121.8855,Parks Farming Organic,Park,Field 002,clay,1,221,0-6 in ,4,1.44,73.47972503,539.1341646,,1653.62,1.446,511.24,149.96,35.48,240.1281448,67.14619768,124.2500148,270.8653654,177.137532,,,,7,23,0.14,10.28571429,32.89279918,233.5,319.3,3262,646.85,68.6,0.51,49.26,9.41,6.51,4.24,101.76,16.7,34,49.4,1.18,0.93,0.38,0.24,0.14
2023,tomatoes,39.07756,-121.8855,Parks Farming Organic,Park,Field 002,clay,1,222,6-12 in ,3.6,1.59,46.95251723,315.3795387,20.93393969,1982.51,1.379,576.15,108.49,38.81,,,,,,8,8.5,83.5,7.3,23.4,0.16,9.9375,8.042652352,187.6,197.9,3310,691.05,36.8,0.36,49.02,7.66,4.98,2.95,122.51,,,,1.28,1.79,0.38,0.23,0.15
2023,tomatoes,39.07756,-121.8855,Parks Farming Organic,Park,Field 002,clay,1,231,0-6 in ,4.1,1.89,69.53253129,494.3092443,29.0292128,1106.55,1.348,357.3,59.46,29.09,463.3038091,174.8036508,384.6635426,381.3237291,158.9821262,,,,6.9,22.7,0.18,10.5,23.23232754,178.5,255.9,3255,645.65,56.6,0.39,62.7,8.22,5.94,3.46,87.64,16.7,36,47.4,1.22,1.58,0.38,0.26,0.12
2023,tomatoes,39.07756,-121.8855,Parks Farming Organic,Park,Field 002,clay,1,232,6-12 in ,3.6,1.55,40.67697349,333.333743,24.37115752,2600.1,1.394,804.21,386.19,62.29,,,,,,10.5,25,64.5,7.1,23.1,0.15,10.33333333,17.02832277,153.1,172.4,3225,720.37,37.9,0.34,73.9,9.33,5.85,2.79,117.64,,,,1.23,1.85,0.37,0.22,0.15
2023,tomatoes,39.05822,-121.8309,Parks Farming Organic,Park,Field 33,clay loam,18,241,0-6 in ,2.5,1.02,32.07615814,272.9753684,19.38676098,1210.04,1.221,302.69,32.3,0,441.878459,141.0490522,713.350146,373.309962,463.3953699,,,,6.7,11.9,0.1,10.2,10.1825272,113.7,223.6,1617,360.89,38.6,0.34,134.62,6.79,8.42,3.44,57.27,44,28.2,27.9,1.33,0.96,0.27,0.08,0.19
2023,tomatoes,39.05822,-121.8309,Parks Farming Organic,Park,Field 33,clay loam,18,242,6-12 in ,2.2,0.85,50.87505754,246.6674556,20.98320404,926.73,1.391,250.96,45.76,18.26,,,,,,10.5,57,32.5,6.7,12.3,0.1,8.5,9.63313438,101.9,179.9,1683,372.92,43,0.32,159.7,6.77,8.23,2.98,67.86,,,,1.32,0.39,0.28,0.08,0.2
2023,tomatoes,39.05822,-121.8309,Parks Farming Organic,Park,Field 33,clay loam,18,251,0-6 in ,2.6,1.24,30.31178537,246.7198377,25.15491663,1489.49,1.382,400.1,83.06,21.29,236.8335023,62.47852165,126.1789294,371.7628636,94.80007892,,,,6.8,15.4,0.12,10.33333333,5.197628136,113,217.5,2034,514.49,37.3,0.52,127.52,6.39,7.06,2.58,80.98,32.1,36.1,31.9,1.44,0.84,0.31,0.1,0.21
2023,tomatoes,39.05822,-121.8309,Parks Farming Organic,Park,Field 33,clay loam,18,252,6-12 in ,2.4,1.06,21.0923262,149.3100254,16.94565563,885.37,1.298,230.29,28.14,11.49,,,,,,4.5,14.5,81,7,15.3,0.11,9.636363636,2.458149612,109.4,159.4,2032,522.67,24.9,0.31,143.01,6.13,6.6,2.05,80.4,,,,1.43,0.44,0.31,0.1,0.21
2023,tomatoes,39.05822,-121.8309,Parks Farming Organic,Park,Field 33,clay loam,18,261,0-6 in ,2.9,1.3,32.60296474,270.8854684,24.47524304,1787.06,1.407,452.11,116.02,28.27,412.0854813,125.0133915,729.1048774,333.7594148,459.4663806,,,,6.6,15.8,0.13,10,4.029396632,104,208.5,1973,475.83,57.7,0.33,141.08,7.15,8.42,3.48,79.18,29.8,40.3,29.9,1.39,0.73,0.31,0.11,0.2
2023,tomatoes,39.05822,-121.8309,Parks Farming Organic,Park,Field 33,clay loam,18,262,6-12 in ,2.7,1.22,24.86641191,177.1659019,18.02572039,2627.29,1.277,710.45,219.11,104.4,,,,,,15.5,53.5,31,8.2,23.6,0.12,10.16666667,8.004735169,28.4,127.5,1873,1630.87,19.3,0.77,12.7,5.8,1.89,0.8,64.62,,,,1.31,0.37,0.34,0.15,0.19
2023,tomatoes,39.031814,-121.816182,Parks Farming Organic,Park,Field 31,clay loam,19,271,0-6 in ,2.6,1.08,22.62528683,266.3793789,21.94327816,1656.72,1.447,524.13,143.78,29.53,199.5608924,49.02588811,54.09010234,363.9002765,106.5689588,,,,7.5,17.5,0.12,9,34.56630951,162.2,166.9,2537,501.35,51.7,0.51,31.21,4.84,6.21,3.14,53.98,26.7,41.9,31.4,1.32,0.31,0.34,0.14,0.2
2023,tomatoes,39.031814,-121.816182,Parks Farming Organic,Park,Field 31,clay loam,19,272,6-12 in ,2.3,0.8,39.79005671,234.4252168,17.31762007,2529.29,1.131,797.44,659.34,31.28,,,,,,5.2,46.8,48,7.9,17.2,0.09,8.888888889,17.79394418,121.9,106.8,2435,526.17,53,0.35,39.31,4.56,5.59,2.02,76.37,,,,1.18,0.27,0.33,0.1,0.23
2023,tomatoes,39.031814,-121.816182,Parks Farming Organic,Park,Field 31,clay loam,19,281,0-6 in ,2.7,1.26,37.42500697,320.0879926,34.11788297,678.27,1.158,148.86,13.59,0,285.7539255,78.88921612,380.5588402,255.7443447,221.817403,,,,7.4,18.1,0.13,9.692307692,36.84199071,196.3,213.7,2523,562.75,44.1,0.36,36.59,5.59,6.52,3.3,49.55,24,44.2,31.9,1.35,0.48,0.34,0.11,0.23
2023,tomatoes,39.031814,-121.816182,Parks Farming Organic,Park,Field 31,clay loam,19,282,6-12 in ,2.4,0.99,25.83677794,211.6472497,20.16190991,747.24,1.263,179.46,24.74,0,,,,,,26.5,34.8,38.7,7.9,18,0.11,9,6.037575533,160.7,136.1,2480,581.95,40.7,0.49,61.43,5.3,5.88,2.09,100.27,,,,1.39,0.52,0.34,0.11,0.23
2023,tomatoes,39.031814,-121.816182,Parks Farming Organic,Park,Field 31,clay loam,19,291,0-6 in ,2.8,1.32,49.33758857,365.6618871,27.95480781,1498.22,1.386,383.93,79.8,22.49,,,,,,,,,7.4,19,0.14,9.428571429,34.48731807,162,202.2,2724,558.98,53.8,0.53,33.14,5.8,6.94,3.32,52.98,24,42.1,34,1.27,0.49,0.35,0.11,0.24
2023,tomatoes,39.031814,-121.816182,Parks Farming Organic,Park,Field 31,clay loam,19,292,6-12 in ,2.6,1.07,31.44268971,245.4803954,18.66017486,1077.89,1.194,244.3,22.34,0,,,,,,20.8,46.8,32.5,7.9,18.7,0.11,9.727272727,7.812504054,127.1,137.5,2656,577.63,31.3,0.42,50.2,4.86,6.5,2.57,59.26,,,,1.4,0.79,0.34,0.14,0.2
2023,tomatoes,38.528226,-121.723945,Tremont Farms,Bottoms,Field 163,clay loam,3,301,0-6 in ,2.5,1.09,32.73460137,151.9105605,16.59264094,2737.68,1.43,661.22,349.68,60.39,234.2958739,45.43228537,41.30533888,125.8994155,115.1940498,,,,8.1,22.7,0.1,10.9,13.91493511,63.5,147.9,1765,1576.37,14.6,1.77,11.55,6.75,1.7,1.89,84.93,24.4,36.3,39.4,1.23,0.75,0.3,0.12,0.18
2023,tomatoes,38.528226,-121.723945,Tremont Farms,Bottoms,Field 163,clay loam,3,302,6-12 in ,2.4,0.98,29.95949011,161.8685118,19.75453924,1294.92,1.423,309.53,155.63,39.06,,,,,,12.5,20.8,66.7,8.1,24.6,0.1,9.8,30.37383814,51.4,147,1906,1703.2,15.2,1.59,12.11,8.53,1.67,1.78,111.46,,,,1.53,0.76,0.31,0.14,0.17
2023,tomatoes,38.528226,-121.723945,Tremont Farms,Bottoms,Field 163,clay loam,3,311,0-6 in ,2.3,0.94,25.84724137,107.701312,13.42861803,2169.89,1.406,513.63,283.71,31.28,126.610031,38.84549406,55.41777888,130.3929802,102.9245997,,,,8.2,20.2,0.08,11.75,5.081250589,46.7,111.2,1570,1396.48,15.2,1.87,11.2,8.93,1.51,1.46,89.46,28.3,36.3,35.4,1.24,0.62,0.28,0.11,0.17
2023,tomatoes,38.528226,-121.723945,Tremont Farms,Bottoms,Field 163,clay loam,3,312,6-12 in ,2.2,0.82,17.1359024,85.21020857,12.76190599,409.86,1.332,103.04,19.23,4.91,,,,,,18.5,49.5,30,8.1,22.2,0.08,10.25,33.87656498,32.8,123.2,1695,1547.51,14.4,2.13,12.53,8.79,1.71,1.28,111.79,,,,1.32,0.42,0.29,0.11,0.18
2023,tomatoes,38.528226,-121.723945,Tremont Farms,Bottoms,Field 163,clay loam,3,321,0-6 in ,2.3,0.95,14.81899037,108.8220794,17.68899362,1821.55,1.373,401.24,159.38,18.35,208.8842371,38.11485919,22.25579599,123.5464018,112.0006205,,,,8.2,22.3,0.09,10.55555556,19.44251008,38.1,150.5,1765,1514.31,17.4,2.17,11.62,7.46,1.74,1.46,109.56,26.1,40.1,33.9,1.22,0.41,0.28,0.12,0.16
2023,tomatoes,38.528226,-121.723945,Tremont Farms,Bottoms,Field 163,clay loam,3,322,6-12 in ,1.9,0.78,15.7697672,88.76004577,15.07324888,2022.86,1.482,459.6,287.47,76.22,,,,,,9.8,48.8,41.5,8,21.7,0.09,8.666666667,38.66390372,26.4,164.9,1596,1536.35,16.2,1.74,13.52,7.07,1.65,1.36,114.94,,,,1.38,1.13,0.3,0.11,0.19
2023,tomatoes,38.52789,-121.7243,Bullseye Farms,Beeman,RC1/2,clay,7,331,0-6 in ,2.7,1.19,39.26771154,340.2007795,27.92766941,1753.83,1.301,377.69,52.28,17.1,223.9799677,65.2133848,89.96518607,375.6533866,179.39638,,,,7.5,22.1,0.11,10.81818182,19.83144228,33.6,169.1,1792,1500.32,11.6,1.3,9.08,10,1.51,0.79,48.11,16.1,36.4,47.5,1.08,1.1,0.33,0.15,0.18
2023,tomatoes,38.52789,-121.7243,Bullseye Farms,Beeman,RC1/2,clay,7,332,6-12 in ,2.3,0.94,26.18081143,199.2623536,13.17603045,2982.22,1.304,792.31,211.3,76.51,,,,,,52.2,17.2,30.5,8.2,22.1,0.09,10.44444444,7.272208482,24.8,124.2,1686,1562.59,6.1,1.13,10.52,5.52,1.7,0.72,66.3,,,,1.28,1.27,0.32,0.14,0.18
2023,tomatoes,38.52789,-121.7243,Bullseye Farms,Beeman,RC1/2,clay,7,341,0-6 in ,2.9,1.48,46.9230574,428.9340223,39.0654831,696.37,1.104,169.86,10.65,0,352.3225406,108.3097452,120.1404379,455.9331361,298.160822,,,,7.6,22.1,0.13,11.38461538,22.75387171,63.4,230.1,1776,1495.44,23.5,1.22,9.52,13.1,1.56,1.16,43.27,,,,1.11,0.68,0.34,0.15,0.19
2023,tomatoes,38.52789,-121.7243,Bullseye Farms,Beeman,RC1/2,clay,7,342,6-12 in ,3.3,1.04,68.32161886,571.5865091,11.85566692,1265.94,1.185,221.91,15.96,7.01,,,,,,19,31.5,49.5,7.5,28.7,0.1,10.4,5.933087234,57.8,276.6,2760,1695.58,30.7,0.88,17.08,15.28,2.76,1.43,23.79,,,,1,1.95,0.36,0.15,0.21
2023,tomatoes,38.52789,-121.7243,Bullseye Farms,Beeman,RC1/2,clay,7,351,0-6 in ,3,1.34,57.1007926,518.0209043,32.69721721,2599.71,1.475,655.74,307.91,80.84,441.3713983,127.7968086,83.12750512,296.9648336,201.8503295,,,,7.7,23.3,0.11,12.18181818,17.20859339,38.3,179.7,1838,1604.59,10.8,1.27,9.71,13.35,1.46,1.79,53.49,20.1,36.3,43.7,1.15,1.13,0.33,0.16,0.17
2023,tomatoes,38.52789,-121.7243,Bullseye Farms,Beeman,RC1/2,clay,7,352,6-12 in ,2.2,1.05,35.95515283,283.8518915,15.38573754,956.14,1.105,231.85,9.78,0,,,,,,33.8,27.7,38.5,7.1,13.3,0.1,10.5,13.24616497,94.6,141.9,1736,465.7,20.9,0.63,170.17,6.73,7.51,2.23,75.12,,,,1.29,1.34,0.28,0.14,0.14
2023,tomatoes,38.5604,-121.9683,Button and Turkovich,Turkovich,Field 22,clay,20,391,0-6 in ,2.5,1.21,29.23332306,263.7676692,18.96828004,1490.64,1.171,304.25,19.85,0,287.8493463,52.7881033,300.1197802,140.6531353,130.9863577,,,,7.1,20.6,0.11,11,8.467282624,43.5,230.1,2753,728.8,22.3,1.66,18.52,10.87,2.1,1.2,28.62,20.2,28.6,51.2,1.12,0.81,0.3,0.14,0.16
2023,tomatoes,38.5604,-121.9683,Button and Turkovich,Turkovich,Field 22,clay,20,392,6-12 in ,2.5,0.94,32.30766963,259.7195055,11.76250799,2608.56,1.423,562.53,254.97,55.57,,,,,,23.8,59.2,16.5,7.5,22.2,0.1,9.4,18.9405209,37.5,209.3,2866,853.44,19.4,1.74,22.1,15.75,2.21,1.08,44.41,,,,1.34,3.05,0.29,0.12,0.17
2023,tomatoes,38.5604,-121.9683,Button and Turkovich,Turkovich,Field 22,clay,20,401,0-6 in ,2.4,1.05,31.0409902,266.665029,17.32165915,2619.69,1.438,525.21,148.15,52.68,298.6599938,52.82289253,182.6578417,169.7137879,138.4444522,,,,7.2,20.4,0.11,9.545454545,17.81033409,43.8,196.8,2832,674.17,27.1,1.28,13.65,9.85,1.62,0.92,28.85,24.2,28.7,47.1,1.19,0.99,0.28,0.13,0.15
2023,tomatoes,38.5604,-121.9683,Button and Turkovich,Turkovich,Field 22,clay,20,402,6-12 in ,2,0.84,16.98068314,201.5390203,16.05150785,1380.86,1.431,243.46,70,32.03,,,,,,42.5,44.5,13,7.5,18.6,0.09,9.333333333,20.1632327,22.3,137.9,2377,744.09,14.9,1.52,16.62,12.92,1.8,0.64,42.46,,,,1.38,1.01,0.28,0.13,0.15
2023,tomatoes,38.5604,-121.9683,Button and Turkovich,Turkovich,Field 22,clay,20,411,0-6 in ,2.5,1.06,16.3800192,231.2699822,18.95937268,2130.96,1.44,467.88,145.17,43.35,324.0073079,72.72898282,242.7171997,145.6565665,98.27520527,,,,7.2,19.5,0.11,9.636363636,17.2329643,50,194.8,2682,665.51,16.9,0.94,15.43,11.31,1.87,1.01,19.86,,,,1.15,0.99,0.28,0.12,0.16
2023,tomatoes,38.5604,-121.9683,Button and Turkovich,Turkovich,Field 22,clay,20,412,6-12 in ,2.2,0.84,26.29417489,194.6147356,15.76320316,1931.55,1.447,463.52,181.25,65.11,,,,,,12.5,16.7,70.8,7.4,19,0.09,9.333333333,6.155567591,27.7,177.4,2426,745.74,7.4,1.1,17.09,14.47,1.83,0.8,38.65,,,,1.43,1.43,0.28,0.12,0.16
2023,tomatoes,38.59289,-122.0151,Rominger Brothers Farms,Rominger,Field 21,clay,27,421,0-6 in ,2.8,1.28,50.87206894,379.6825303,29.04684296,2527.62,1.393,568.18,304.93,25.25,236.6876969,62.65107015,380.4691666,199.4867244,81.02974818,,,,6.7,17,0.14,9.142857143,22.65130599,134.5,219.8,1975,752.88,11.4,1.29,23.12,16.89,2.85,3.3,70.38,22.2,36.3,41.6,1.2,0.69,0.28,0.12,0.16
2023,tomatoes,38.59289,-122.0151,Rominger Brothers Farms,Rominger,Field 21,clay,27,422,6-12 in ,2,0.91,20.96450334,156.0987963,16.517759,726.04,0.879,173.8,0,0,,,,,,6.5,22,71.5,7.3,18.4,0.1,9.1,21.18297136,73.6,142.9,2107,844.66,11,1.59,19.42,13.78,2.3,1.97,115.48,,,,1.49,1.9,0.29,0.12,0.17
2023,tomatoes,38.59289,-122.0151,Rominger Brothers Farms,Rominger,Field 21,clay,27,431,0-6 in ,2.5,1.29,40.11757963,346.133103,23.80404199,1948.23,0.961,433.67,10.16,0,335.2863598,99.6767579,527.7586867,149.2446389,174.4814775,,,,6.7,19.6,0.14,9.214285714,17.59671654,139.1,229.8,2286,886.42,11.3,1.35,25.89,18.12,3.1,3.47,50.28,12.6,35.9,51.5,1.1,1.17,0.31,0.12,0.19
2023,tomatoes,38.59289,-122.0151,Rominger Brothers Farms,Rominger,Field 21,clay,27,432,6-12 in ,2.4,0.98,21.19086863,186.5615558,13.97728971,1672.2,1.476,407.82,230.11,45.98,,,,,,14.3,23.8,62,7,20.5,0.11,8.909090909,7.808701051,81.4,141.4,2335,967.93,10.5,1.13,22.09,13.98,2.82,2.05,97.09,,,,1.28,1.5,0.29,0.13,0.16
2023,tomatoes,38.59289,-122.0151,Rominger Brothers Farms,Rominger,Field 21,clay,27,441,0-6 in ,2.3,1.01,32.49505069,335.6920747,32.57327131,3012.79,1.364,694.72,329.95,24.74,246.7767857,82.46837828,227.7103267,172.9190636,139.3690221,,,,7.1,18.1,0.12,8.416666667,30.11937645,127.6,204.4,2325,692.45,10,1.2,16.27,15.55,2.55,2.37,45.03,16.2,36.2,47.6,1.26,0.56,0.29,0.11,0.18
2023,tomatoes,38.59289,-122.0151,Rominger Brothers Farms,Rominger,Field 21,clay,27,442,6-12 in ,2.2,0.79,34.90232186,280.2281779,14.61777266,2461.23,1.358,537.97,179.57,20.02,,,,,,13.8,46.8,39.4,7,17.5,0.09,8.777777778,27.03568999,112.4,174.7,2231,675.32,9.6,1.25,17.01,18.44,2.75,2.1,54.78,,,,1.33,0.96,0.29,0.11,0.18
2023,tomatoes,38.76842,-121.7316,Muller Ag,Muller,Field 219,clay loam,25,451,0-6 in ,2.6,1.31,31.33541826,192.9910609,18.84713352,1099.39,1.388,208.38,84.01,10.15,197.5199536,47.936396,94.35011206,126.9139899,85.32725327,,,,7.4,19.9,0.15,8.733333333,19.26461442,45,128.2,1916,1162.15,10.6,2.47,16.76,10.22,2,1.39,76.29,34.2,28.3,37.6,1.23,0.5,0.25,0.11,0.14
2023,tomatoes,38.76842,-121.7316,Muller Ag,Muller,Field 219,clay loam,25,452,6-12 in ,2.3,1.04,31.48629577,146.6156525,12.31739829,1291.51,1.387,287.56,148.13,28.12,,,,,,19.2,19.8,61,7.9,21.2,0.1,10.4,12.6421741,19.4,98.2,2027,1236.62,11.8,2.82,18.49,7.17,1.88,0.95,117.74,,,,1.41,1.1,0.27,0.12,0.15
2023,tomatoes,38.76842,-121.7316,Muller Ag,Muller,Field 219,clay,25,461,0-6 in ,3.4,1.63,41.35684586,361.974768,21.20965083,3359.48,1.448,648.12,392.57,50.51,214.2134964,52.72345115,77.77126458,144.2858763,60.20909796,,,,7.4,25.1,0.15,10.86666667,18.46177496,47.8,163.8,2489,1421.26,10.1,2.75,20.73,11.54,2.82,1.55,86.82,12.1,34.4,53.6,1.29,0.67,0.32,0.16,0.16
2023,tomatoes,38.76842,-121.7316,Muller Ag,Muller,Field 219,clay,25,462,6-12 in ,3.2,1.36,39.20801197,125.738008,10.6028586,2290.56,1.473,470.82,328.45,84.12,,,,,,15.7,27.9,56.4,7.9,25.8,0.13,10.46153846,11.19244162,38.2,124.7,2530,1469.86,9.9,2.5,25.39,8.17,2.82,1.5,125.95,,,,1.31,2.88,0.32,0.17,0.15
2023,tomatoes,38.76842,-121.7316,Muller Ag,Muller,Field 219,clay loam,25,471,0-6 in ,2.4,1.22,38.58051171,253.3523649,16.65187274,1898.98,1.364,323.3,264.38,26.62,136.9434346,32.90049679,76.60349966,97.19651098,67.3901915,,,,7.5,18.2,0.19,6.421052632,26.42483955,49.7,108.2,1753,1056.77,13.6,3.14,16.21,10.44,1.72,1.43,87.93,40.2,24.3,35.5,1.39,0.59,0.23,0.1,0.13
2023,tomatoes,38.76842,-121.7316,Muller Ag,Muller,Field 219,clay loam,25,472,6-12 in ,2.1,1.03,28.95486514,118.9905568,12.60876286,1220.28,1.447,219,116.85,79.52,,,,,,33.3,45.1,21.5,7.8,18.7,0.1,10.3,20.12026211,35.6,86.6,1806,1060.9,10.4,2.06,22.06,7.43,1.73,1.53,129.68,,,,1.11,0.83,0.24,0.1,0.14
2023,tomatoes,38.71336,-121.8346,Muller Ag,Muller,Field 84,silty clay,26,481,0-6 in ,4.7,2.53,56.75546626,396.6380543,32.38760901,2023.92,1.282,419.72,54.13,14.06,212.7792085,78.88921612,136.8043547,266.6730804,65.79784548,,,,7.2,21,0.28,9.035714286,72.07533096,446.9,987.9,2269,826.2,21.9,4.51,27.88,13.23,3.03,11.58,56.51,4.7,48.5,46.8,1.32,1,0.4,0.21,0.19
2023,tomatoes,38.71336,-121.8346,Muller Ag,Muller,Field 84,silty clay,26,482,6-12 in ,3.6,1.88,61.605667,332.9122843,22.88428559,1991.63,1.151,554.35,40.03,14.33,,,,,,21.2,51.5,27.3,7.4,19.8,0.19,9.894736842,41.60124366,393.6,598.7,2124,875.96,23.9,3.38,31.1,7.62,3.01,8.73,76.78,,,,1.36,1.64,0.37,0.17,0.2
2023,tomatoes,38.71336,-121.8346,Muller Ag,Muller,Field 84,silty clay,26,491,0-6 in ,4.3,2.31,37.36499289,312.3737871,24.66735369,1843.86,1.257,355.13,32.1,11.2,259.5624988,54.95128008,88.62995828,197.2058325,44.06453593,,,,7.4,22.1,0.24,9.625,56.23034693,387.8,779.9,2466,886.48,26.8,4.54,24.61,12.37,3.01,9.93,78.75,4.7,44.5,50.8,1.32,0.66,0.37,0.18,0.19
2023,tomatoes,38.71336,-121.8346,Muller Ag,Muller,Field 84,silty clay,26,492,6-12 in ,3.7,1.92,66.34770663,284.034736,21.94378412,2010.12,1.339,579.89,64.99,12.46,,,,,,28.1,21.9,50,7.4,22.4,0.21,9.142857143,21.85337277,329,602.2,2488,959.3,21.6,3.34,31.49,7.78,3.26,9.35,93.91,,,,1.26,2.72,0.37,0.17,0.2
2023,tomatoes,38.71336,-121.8346,Muller Ag,Muller,Field 84,silty clay,26,501,0-6 in ,4.2,2.24,51.73177957,339.3596146,24.88599793,1571.24,1.253,309.25,29.53,12.05,289.5268782,62.16066655,96.18328994,190.6134997,59.29785985,,,,7.3,21.9,0.23,9.739130435,40.62314948,405.8,757.1,2424,897.89,25.7,4.49,24.33,10.27,2.84,9.38,80.98,4.7,44.5,50.8,1.11,1.29,0.38,0.18,0.2
2023,tomatoes,38.71336,-121.8346,Muller Ag,Muller,Field 84,silty clay,26,502,6-12 in ,3.3,1.55,52.01165191,276.0827437,22.61774325,1474.78,1.103,416.33,18.64,0,,,,,,7.8,4.7,87.5,7.4,19.5,0.16,9.6875,22.63499723,320.6,487.4,2158,853.2,24.7,3.44,29.73,7.61,2.96,8.26,89.37,,,,1.14,0.8,0.37,0.19,0.18
2023,tomatoes,38.592633,-121.982134,Rominger Brothers Farms,Rominger,Field 11,sandy clay loam,28,511,0-6 in ,2.9,1.14,20.39138603,229.0422937,29.44931891,1895.63,1.412,700.38,235.13,52.61,331.9221464,99.73069035,609.4658556,139.7843685,227.8006898,,,,6.8,22.4,0.12,9.5,46.02183602,40,291.6,2580,1017.57,6.4,2.41,21.37,23.09,2.93,1.87,65.93,56,14.2,29.9,1.13,1.74,0.31,0.13,0.18
2023,tomatoes,38.592633,-121.982134,Rominger Brothers Farms,Rominger,Field 11,sandy clay loam,28,512,6-12 in ,2.8,0.84,48.21570583,308.5778574,18.31181327,1350,1.345,563.45,112.43,30.64,,,,,,12.8,29.8,57.5,7,19.9,0.1,8.4,71.78826533,39.3,216.1,2275,928.3,6.2,2.17,20.57,28.93,2.46,1.58,60.58,,,,1.35,2.13,0.33,0.13,0.2
2023,tomatoes,38.592633,-121.982134,Rominger Brothers Farms,Rominger,Field 11,clay,28,521,0-6 in ,2.8,0.99,37.03424009,338.4157023,28.27378456,2402.7,1.417,971.08,281.32,81.14,400.2517889,124.046106,691.4978075,169.3742232,264.9982378,,,,6.8,20.7,0.11,9,30.59528193,54.5,247.9,2366,955.42,6.8,2.47,21.38,21.38,3.16,2.12,68.36,,,,1.11,1.5,0.29,0.13,0.16
2023,tomatoes,38.592633,-121.982134,Rominger Brothers Farms,Rominger,Field 11,clay,28,522,6-12 in ,2.4,0.74,21.77596949,115.5570709,10.31955772,2514.73,1.444,912.35,322.47,165.08,,,,,,49.5,30.5,20,7.1,20.6,0.08,9.25,59.48459346,23.8,157.2,2326,984.56,3.8,2.2,22.86,18.06,2.17,1.35,83.85,,,,1.5,2.56,,,
2023,tomatoes,38.592633,-121.982134,Rominger Brothers Farms,Rominger,Field 11,clay,28,531,0-6 in ,3,1.22,63.9499148,364.5161114,41.8554127,3023.28,1.376,1313.3,281.03,84.38,286.2387834,66.30164076,512.7477,164.2395177,124.3583931,,,,6.6,21.7,0.13,9.384615385,79.86605491,54,303.8,2497,980.28,6.6,2.19,22.8,32.99,3.09,1.97,59.45,17.8,30.4,51.9,1.29,1.53,0.28,0.13,0.15
2023,tomatoes,38.592633,-121.982134,Rominger Brothers Farms,Rominger,Field 11,clay,28,532,6-12 in ,2.6,0.72,38.30996474,186.0763251,10.80948916,1854.07,1.419,656.78,193.07,58.61,,,,,,23,30,47,6.9,20.5,0.08,9,44.22203329,22.4,197.6,2333,962.12,5.1,1.92,23.75,26.26,2.45,1.63,72.55,,,,1.42,2.9,0.3,0.13,0.17
2023,tomatoes,38.55918,-121.9306,Button and Turkovich,Turkovich,Field 44,clay,22,571,0-6 in ,2.5,1.16,33.36092097,269.5259079,17.03710613,1844.49,1.172,457.48,36.33,15.32,220.8720073,41.91440113,156.2249167,246.390979,67.54137905,,,,7.5,26.5,0.12,9.666666667,18.18443043,20.7,274.8,3494,980.68,99.2,1.97,20.42,11.94,2.46,1.05,43.45,,,,1.1,1.88,0.3,0.15,0.15
2023,tomatoes,38.55918,-121.9306,Button and Turkovich,Turkovich,Field 44,clay,22,572,6-12 in ,2.3,1.08,29.35950603,282.2493591,23.85352386,2218.65,1.173,446.74,31.75,14.05,,,,,,20.2,49.2,30.5,7.4,27.3,0.11,9.818181818,29.24196311,13.2,227.7,3539,1045.15,97.1,2.23,18.19,9.34,1.85,0.66,63.53,,,,1.35,1.75,0.33,0.15,0.18
2023,tomatoes,38.55918,-121.9306,Button and Turkovich,Turkovich,Field 44,clay,22,581,0-6 in ,2.1,1.04,21.28310554,198.6852312,20.43275419,699.81,0.876,238.38,0,0,353.7342121,94.99657582,316.9525964,274.9207465,205.3102717,,,,7.5,23.2,0.11,9.454545455,27.21473359,14.4,210.4,2828,998.23,30.3,1.68,18.67,11,2.06,0.78,48.24,16.3,28,55.7,1.3,1.08,0.3,0.13,0.17
2023,tomatoes,38.55918,-121.9306,Button and Turkovich,Turkovich,Field 44,clay,22,582,6-12 in ,2,0.88,14.8714322,165.473996,25.31105897,1644.45,1.161,297.52,13.82,0,,,,,,16.8,37.2,46,7.5,24.5,0.09,9.777777778,17.57256038,6.5,161.1,2914,1101.88,20.7,1.73,18.61,10.71,1.98,0.63,73.82,,,,1.45,1.34,0.29,0.13,0.16
2023,tomatoes,38.55918,-121.9306,Button and Turkovich,Turkovich,Field 44,clay,22,591,0-6 in ,2.6,1.22,28.17263643,266.9747221,21.8747026,1015.56,1.166,227.39,13.85,4.63,324.0073079,19.53782842,67.06373255,90.62044713,29.99381299,,,,7.5,26,0.12,10.16666667,37.85919457,25.6,260.8,3236,1072.14,73.1,2.19,21.99,8.91,2.28,0.92,52.5,,,,1.15,1.21,0.32,0.14,0.18
2023,tomatoes,38.55918,-121.9306,Button and Turkovich,Turkovich,Field 44,clay,22,592,6-12 in ,2.4,0.96,27.67970863,236.5613567,20.79500411,1919.94,1.152,300.89,22.89,9.31,,,,,,27.8,37.7,34.5,7.4,25.3,0.1,9.6,31.13088563,9.2,205.1,3024,1120.02,43.3,2.11,25.3,11.66,2.55,0.87,80.43,,,,1.18,2.7,0.34,0.16,0.18